{
  "AWSEBDockerrunVersion": 3,
  "containerDefinitions": [
    {
      "name": "eventstore",
      "image": "eventstore/eventstore:23.10.2-bookworm-slim",
      "essential": true,
      "memory": 512,
      "portMappings": [
        {
          "hostPort": 2114,
          "containerPort": 2114
        },
        {
          "hostPort": 1113,
          "containerPort": 1113
        }
      ],
      "healthCheck": {
        "command": ["CMD-SHELL", "curl -f http://localhost:2114/health/live || exit 1"],
        "interval": 30,
        "timeout": 5,
        "retries": 3,
        "startPeriod": 60
      },
      "environment": [
        {
          "name": "EVENTSTORE_CLUSTER_SIZE",
          "value": "1"
        },
        {
          "name": "EVENTSTORE_RUN_PROJECTIONS",
          "value": "All"
        },
        {
          "name": "EVENTSTORE_START_STANDARD_PROJECTIONS",
          "value": "true"
        },
        {
          "name": "EVENTSTORE_HTTP_PORT",
          "value": "2114"
        },
        {
          "name": "EVENTSTORE_EXT_TCP_PORT",
          "value": "1113"
        },
        {
          "name": "EVENTSTORE_INSECURE",
          "value": "true"
        },
        {
          "name": "EVENTSTORE_ENABLE_EXTERNAL_TCP",
          "value": "true"
        },
        {
          "name": "EVENTSTORE_ENABLE_ATOM_PUB_OVER_HTTP",
          "value": "true"
        },
        {
          "name": "EVENTSTORE_TELEMETRY_OPTOUT",
          "value": "true"
        },
        {
          "name": "DOTNET_EnableWriteXorExecute",
          "value": "0"
        }
      ]
    },
    {
      "name": "gc_registry",
      "image": "996119908566.dkr.ecr.us-east-1.amazonaws.com/gc_registry:latest",
      "essential": true,
      "memory": 512,
      "portMappings": [
        {
          "hostPort": 8000,
          "containerPort": 8000
        },
        {
          "hostPort": 8080,
          "containerPort": 8080
        }
      ],
      "links": ["eventstore"],
      "dependsOn": [
        {
          "containerName": "eventstore",
          "condition": "HEALTHY"
        }
      ],
      "healthCheck": {
        "command": ["CMD-SHELL", "curl -f http://localhost:8000/health || exit 1"],
        "interval": 30,
        "timeout": 5,
        "retries": 3,
        "startPeriod": 60
      },
      "environment": [
        {
          "name": "ESDB_CONNECTION_STRING",
          "value": "eventstore"
        }
      ]
    },
    {
      "name": "frontend",
      "image": "996119908566.dkr.ecr.us-east-1.amazonaws.com/frontend:latest",
      "essential": true,
      "memory": 512,
      "portMappings": [
        {
          "hostPort": 9000,
          "containerPort": 8080
        }
      ],
      "links": ["gc_registry"],
      "dependsOn": [
        {
          "containerName": "gc_registry",
          "condition": "HEALTHY"
        }
      ],
      "healthCheck": {
        "command": ["CMD-SHELL", "curl -f http://localhost:8080/health || exit 1"],
        "interval": 30,
        "timeout": 5,
        "retries": 3,
        "startPeriod": 60
      },
      "environment": [
        {
          "name": "REACT_APP_API_URL",
          "value": "http://gc_registry:8000"
        }
      ]
    }
  ]
} 