[
  {
    "Namespace": "aws:autoscaling:launchconfiguration",
    "OptionName": "InstanceType",
    "Value": "t2.micro"
  },
  {
    "Namespace": "aws:autoscaling:launchconfiguration",
    "OptionName": "IamInstanceProfile",
    "Value": "aws-elasticbeanstalk-ec2-role"
  },
  {
    "Namespace": "aws:autoscaling:asg",
    "OptionName": "MinSize",
    "Value": "1"
  },
  {
    "Namespace": "aws:autoscaling:asg",
    "OptionName": "MaxSize",
    "Value": "4"
  },
  {
    "Namespace": "aws:elasticbeanstalk:environment",
    "OptionName": "EnvironmentType",
    "Value": "LoadBalanced"
  },
  {
    "Namespace": "aws:elasticbeanstalk:environment:proxy",
    "OptionName": "ProxyServer",
    "Value": "nginx"
  },
  {
    "Namespace": "aws:elasticbeanstalk:healthreporting:system",
    "OptionName": "SystemType",
    "Value": "enhanced"
  }
] 